,name,stars,img,owner,repo_name
0,pytorch/pytorch,89578,https://avatars.githubusercontent.com/u/21003710?s=40&v=4,pytorch,pytorch
1,python/cpython,66663,https://avatars.githubusercontent.com/u/1525981?s=40&v=4,python,cpython
2,astral-sh/uv,52034,https://avatars.githubusercontent.com/u/115962839?s=40&v=4,astral-sh,uv
3,vllm-project/vllm,46341,https://avatars.githubusercontent.com/u/136984999?s=40&v=4,vllm-project,vllm
4,pandas-dev/pandas,45287,https://avatars.githubusercontent.com/u/21206976?s=40&v=4,pandas-dev,pandas
5,streamlit/streamlit,39121,https://avatars.githubusercontent.com/u/45109972?s=40&v=4,streamlit,streamlit
6,gradio-app/gradio,37777,https://avatars.githubusercontent.com/u/51063788?s=40&v=4,gradio-app,gradio
7,pola-rs/polars,33367,https://avatars.githubusercontent.com/u/83768144?s=40&v=4,pola-rs,polars
8,jax-ml/jax,32089,https://avatars.githubusercontent.com/u/58486408?s=40&v=4,jax-ml,jax
9,explosion/spaCy,31491,https://avatars.githubusercontent.com/u/20011530?s=40&v=4,explosion,spaCy
10,servo/servo,30280,https://avatars.githubusercontent.com/u/2566135?s=40&v=4,servo,servo
11,numpy/numpy,29386,https://avatars.githubusercontent.com/u/288276?s=40&v=4,numpy,numpy
12,dragonflydb/dragonfly,27821,https://avatars.githubusercontent.com/u/104819355?s=40&v=4,dragonflydb,dragonfly
13,google/python-fire,27607,https://avatars.githubusercontent.com/u/1342004?s=40&v=4,google,python-fire
14,qdrant/qdrant,23293,https://avatars.githubusercontent.com/u/73504361?s=40&v=4,qdrant,qdrant
15,PaddlePaddle/Paddle,22726,https://avatars.githubusercontent.com/u/23534030?s=40&v=4,PaddlePaddle,Paddle
16,chroma-core/chroma,19592,https://avatars.githubusercontent.com/u/105881770?s=40&v=4,chroma-core,chroma
17,airbytehq/airbyte,18022,https://avatars.githubusercontent.com/u/59758427?s=40&v=4,airbytehq,airbyte
18,liguodongiot/llm-action,17006,https://avatars.githubusercontent.com/u/13220186?s=40&v=4,liguodongiot,llm-action
19,microsoft/onnxruntime,16445,https://avatars.githubusercontent.com/u/6154722?s=40&v=4,microsoft,onnxruntime
20,apache/arrow,15312,https://avatars.githubusercontent.com/u/47359?s=40&v=4,apache,arrow
21,ivy-llc/ivy,14193,https://avatars.githubusercontent.com/u/165023508?s=40&v=4,ivy-llc,ivy
22,scipy/scipy,13607,https://avatars.githubusercontent.com/u/288277?s=40&v=4,scipy,scipy
23,sympy/sympy,13582,https://avatars.githubusercontent.com/u/260832?s=40&v=4,sympy,sympy
24,pyodide/pyodide,13118,https://avatars.githubusercontent.com/u/77002075?s=40&v=4,pyodide,pyodide
25,aws/chalice,10839,https://avatars.githubusercontent.com/u/2232217?s=40&v=4,aws,chalice
26,dbt-labs/dbt-core,10741,https://avatars.githubusercontent.com/u/18339788?s=40&v=4,dbt-labs,dbt-core
27,redcanaryco/atomic-red-team,10502,https://avatars.githubusercontent.com/u/6877001?s=40&v=4,redcanaryco,atomic-red-team
28,cleanlab/cleanlab,10497,https://avatars.githubusercontent.com/u/90712480?s=40&v=4,cleanlab,cleanlab
29,aws/amazon-sagemaker-examples,10470,https://avatars.githubusercontent.com/u/2232217?s=40&v=4,aws,amazon-sagemaker-examples
30,redpanda-data/redpanda,10273,https://avatars.githubusercontent.com/u/49406389?s=40&v=4,redpanda-data,redpanda
31,qutebrowser/qutebrowser,10243,https://avatars.githubusercontent.com/u/21955151?s=40&v=4,qutebrowser,qutebrowser
32,twitter/the-algorithm-ml,10233,https://avatars.githubusercontent.com/u/50278?s=40&v=4,twitter,the-algorithm-ml
33,wandb/wandb,9820,https://avatars.githubusercontent.com/u/26401354?s=40&v=4,wandb,wandb
34,esphome/esphome,9240,https://avatars.githubusercontent.com/u/45919759?s=40&v=4,esphome,esphome
35,sqlfluff/sqlfluff,8817,https://avatars.githubusercontent.com/u/71874918?s=40&v=4,sqlfluff,sqlfluff
36,squeaky-pl/japronto,8593,https://avatars.githubusercontent.com/u/754356?s=40&v=4,squeaky-pl,japronto
37,WebKit/WebKit,8572,https://avatars.githubusercontent.com/u/6458?s=40&v=4,WebKit,WebKit
38,apache/beam,8083,https://avatars.githubusercontent.com/u/47359?s=40&v=4,apache,beam
39,HypothesisWorks/hypothesis,7822,https://avatars.githubusercontent.com/u/18481919?s=40&v=4,HypothesisWorks,hypothesis
40,PaddlePaddle/Paddle-Lite,7074,https://avatars.githubusercontent.com/u/23534030?s=40&v=4,PaddlePaddle,Paddle-Lite
41,pyca/cryptography,6998,https://avatars.githubusercontent.com/u/5615737?s=40&v=4,pyca,cryptography
42,conda/conda,6860,https://avatars.githubusercontent.com/u/6392739?s=40&v=4,conda,conda
43,ijl/orjson,6849,https://avatars.githubusercontent.com/u/1977222?s=40&v=4,ijl,orjson
44,telepresenceio/telepresence,6793,https://avatars.githubusercontent.com/u/39375975?s=40&v=4,telepresenceio,telepresence
45,robinhood/faust,6787,https://avatars.githubusercontent.com/u/18473991?s=40&v=4,robinhood,faust
46,MikeMcl/decimal.js,6752,https://avatars.githubusercontent.com/u/921201?s=40&v=4,MikeMcl,decimal.js
47,jarun/buku,6693,https://avatars.githubusercontent.com/u/5959286?s=40&v=4,jarun,buku
48,litestar-org/litestar,6527,https://avatars.githubusercontent.com/u/97250344?s=40&v=4,litestar-org,litestar
49,apache/couchdb,6499,https://avatars.githubusercontent.com/u/47359?s=40&v=4,apache,couchdb
50,facebookresearch/pytext,6325,https://avatars.githubusercontent.com/u/16943930?s=40&v=4,facebookresearch,pytext
51,Qiskit/qiskit,5998,https://avatars.githubusercontent.com/u/30696987?s=40&v=4,Qiskit,qiskit
52,pixie-io/pixie,5992,https://avatars.githubusercontent.com/u/82631609?s=40&v=4,pixie-io,pixie
53,ibis-project/ibis,5716,https://avatars.githubusercontent.com/u/27442526?s=40&v=4,ibis-project,ibis
54,Netflix/dispatch,5704,https://avatars.githubusercontent.com/u/913567?s=40&v=4,Netflix,dispatch
55,infobyte/faraday,5377,https://avatars.githubusercontent.com/u/4226354?s=40&v=4,infobyte,faraday
56,web-platform-tests/wpt,5314,https://avatars.githubusercontent.com/u/37226233?s=40&v=4,web-platform-tests,wpt
57,ethereum/web3.py,5237,https://avatars.githubusercontent.com/u/6250754?s=40&v=4,ethereum,web3.py
58,vyperlang/vyper,5020,https://avatars.githubusercontent.com/u/57152025?s=40&v=4,vyperlang,vyper
59,marqo-ai/marqo,4839,https://avatars.githubusercontent.com/u/103185353?s=40&v=4,marqo-ai,marqo
60,zenml-io/zenml,4559,https://avatars.githubusercontent.com/u/88676955?s=40&v=4,zenml-io,zenml
61,google-deepmind/open_spiel,4501,https://avatars.githubusercontent.com/u/8596759?s=40&v=4,google-deepmind,open_spiel
62,microsoft/LMOps,3968,https://avatars.githubusercontent.com/u/6154722?s=40&v=4,microsoft,LMOps
63,rocky/python-uncompyle6,3957,https://avatars.githubusercontent.com/u/8851?s=40&v=4,rocky,python-uncompyle6
64,dry-python/returns,3903,https://avatars.githubusercontent.com/u/37993755?s=40&v=4,dry-python,returns
65,unionai-oss/pandera,3775,https://avatars.githubusercontent.com/u/94206482?s=40&v=4,unionai-oss,pandera
66,freedomofpress/securedrop,3678,https://avatars.githubusercontent.com/u/5388147?s=40&v=4,freedomofpress,securedrop
67,mozilla/gecko-dev,3618,https://avatars.githubusercontent.com/u/131524?s=40&v=4,mozilla,gecko-dev
68,srush/Tensor-Puzzles,3544,https://avatars.githubusercontent.com/u/35882?s=40&v=4,srush,Tensor-Puzzles
69,nylas/sync-engine,3503,https://avatars.githubusercontent.com/u/4219865?s=40&v=4,nylas,sync-engine
70,ndleah/python-mini-project,3427,https://avatars.githubusercontent.com/u/83168714?s=40&v=4,ndleah,python-mini-project
71,ClusterHQ/flocker,3392,https://avatars.githubusercontent.com/u/7913449?s=40&v=4,ClusterHQ,flocker
72,pallets/quart,3275,https://avatars.githubusercontent.com/u/16748505?s=40&v=4,pallets,quart
73,moraroy/NonSteamLaunchers-On-Steam-Deck,3270,https://avatars.githubusercontent.com/u/88516395?s=40&v=4,moraroy,NonSteamLaunchers-On-Steam-Deck
74,vlcn-io/cr-sqlite,3269,https://avatars.githubusercontent.com/u/114890635?s=40&v=4,vlcn-io,cr-sqlite
75,seatgeek/thefuzz,3193,https://avatars.githubusercontent.com/u/447527?s=40&v=4,seatgeek,thefuzz
76,PacktPublishing/LLM-Engineers-Handbook,3184,https://avatars.githubusercontent.com/u/10974906?s=40&v=4,PacktPublishing,LLM-Engineers-Handbook
77,hypothesis/h,3027,https://avatars.githubusercontent.com/u/1243215?s=40&v=4,hypothesis,h
78,celery/kombu,2986,https://avatars.githubusercontent.com/u/319983?s=40&v=4,celery,kombu
79,facebookresearch/habitat-sim,2922,https://avatars.githubusercontent.com/u/16943930?s=40&v=4,facebookresearch,habitat-sim
80,explosion/thinc,2845,https://avatars.githubusercontent.com/u/20011530?s=40&v=4,explosion,thinc
81,Eventual-Inc/Daft,2786,https://avatars.githubusercontent.com/u/98941975?s=40&v=4,Eventual-Inc,Daft
82,pytorch/executorch,2784,https://avatars.githubusercontent.com/u/21003710?s=40&v=4,pytorch,executorch
83,TeamHG-Memex/eli5,2769,https://avatars.githubusercontent.com/u/9270052?s=40&v=4,TeamHG-Memex,eli5
84,wemake-services/wemake-python-styleguide,2706,https://avatars.githubusercontent.com/u/19639014?s=40&v=4,wemake-services,wemake-python-styleguide
85,liiight/notifiers,2701,https://avatars.githubusercontent.com/u/4374581?s=40&v=4,liiight,notifiers
86,eth-brownie/brownie,2693,https://avatars.githubusercontent.com/u/55654090?s=40&v=4,eth-brownie,brownie
87,google-research/kubric,2485,https://avatars.githubusercontent.com/u/43830688?s=40&v=4,google-research,kubric
88,schemathesis/schemathesis,2474,https://avatars.githubusercontent.com/u/70383271?s=40&v=4,schemathesis,schemathesis
89,dateutil/dateutil,2451,https://avatars.githubusercontent.com/u/9849410?s=40&v=4,dateutil,dateutil
90,firebase/firebase-android-sdk,2368,https://avatars.githubusercontent.com/u/1335026?s=40&v=4,firebase,firebase-android-sdk
91,rasterio/rasterio,2351,https://avatars.githubusercontent.com/u/46967650?s=40&v=4,rasterio,rasterio
92,pikepdf/pikepdf,2330,https://avatars.githubusercontent.com/u/31968294?s=40&v=4,pikepdf,pikepdf
93,ethereum/py-evm,2323,https://avatars.githubusercontent.com/u/6250754?s=40&v=4,ethereum,py-evm
94,jmespath/jmespath.py,2298,https://avatars.githubusercontent.com/u/6053930?s=40&v=4,jmespath,jmespath.py
95,aixcoder-plugin/aiXcoder-7B,2255,https://avatars.githubusercontent.com/u/52267612?s=40&v=4,aixcoder-plugin,aiXcoder-7B
96,chardet/chardet,2247,https://avatars.githubusercontent.com/u/6211498?s=40&v=4,chardet,chardet
97,WZBSocialScienceCenter/pdftabextract,2239,https://avatars.githubusercontent.com/u/20353876?s=40&v=4,WZBSocialScienceCenter,pdftabextract
98,pytorch/torchrec,2110,https://avatars.githubusercontent.com/u/21003710?s=40&v=4,pytorch,torchrec
99,atopile/atopile,2086,https://avatars.githubusercontent.com/u/150975426?s=40&v=4,atopile,atopile
100,wemake-services/wemake-django-template,2080,https://avatars.githubusercontent.com/u/19639014?s=40&v=4,wemake-services,wemake-django-template
101,tobgu/pyrsistent,2076,https://avatars.githubusercontent.com/u/485836?s=40&v=4,tobgu,pyrsistent
102,minitorch/minitorch,2057,https://avatars.githubusercontent.com/u/69814924?s=40&v=4,minitorch,minitorch
103,gaphor/gaphor,2021,https://avatars.githubusercontent.com/u/35221559?s=40&v=4,gaphor,gaphor
104,ariebovenberg/whenever,2013,https://avatars.githubusercontent.com/u/5999858?s=40&v=4,ariebovenberg,whenever
105,pytorch/ao,2012,https://avatars.githubusercontent.com/u/21003710?s=40&v=4,pytorch,ao
106,someengineering/fixinventory,1963,https://avatars.githubusercontent.com/u/80209098?s=40&v=4,someengineering,fixinventory
107,winpython/winpython,1961,https://avatars.githubusercontent.com/u/8850436?s=40&v=4,winpython,winpython
108,redballoonsecurity/ofrak,1940,https://avatars.githubusercontent.com/u/48032083?s=40&v=4,redballoonsecurity,ofrak
109,raiden-network/raiden,1842,https://avatars.githubusercontent.com/u/19666847?s=40&v=4,raiden-network,raiden
110,intel/intel-extension-for-pytorch,1837,https://avatars.githubusercontent.com/u/17888862?s=40&v=4,intel,intel-extension-for-pytorch
111,thinkst/canarytokens,1837,https://avatars.githubusercontent.com/u/13569025?s=40&v=4,thinkst,canarytokens
112,Checkmk/checkmk,1808,https://avatars.githubusercontent.com/u/47812383?s=40&v=4,Checkmk,checkmk
113,pytorch/opacus,1791,https://avatars.githubusercontent.com/u/21003710?s=40&v=4,pytorch,opacus
114,faust-streaming/faust,1763,https://avatars.githubusercontent.com/u/73301568?s=40&v=4,faust-streaming,faust
115,sagemath/sage,1745,https://avatars.githubusercontent.com/u/982721?s=40&v=4,sagemath,sage
116,explosion/spacy-models,1736,https://avatars.githubusercontent.com/u/20011530?s=40&v=4,explosion,spacy-models
117,VertaAI/modeldb,1719,https://avatars.githubusercontent.com/u/45020510?s=40&v=4,VertaAI,modeldb
118,Yelp/paasta,1710,https://avatars.githubusercontent.com/u/49071?s=40&v=4,Yelp,paasta
119,quodlibet/mutagen,1695,https://avatars.githubusercontent.com/u/11544695?s=40&v=4,quodlibet,mutagen
120,tableau/TabPy,1601,https://avatars.githubusercontent.com/u/828667?s=40&v=4,tableau,TabPy
121,cgarciae/pypeln,1574,https://avatars.githubusercontent.com/u/5862228?s=40&v=4,cgarciae,pypeln
122,Beomi/KoAlpaca,1570,https://avatars.githubusercontent.com/u/11323660?s=40&v=4,Beomi,KoAlpaca
123,mlrun/mlrun,1520,https://avatars.githubusercontent.com/u/54775696?s=40&v=4,mlrun,mlrun
124,nubank/fklearn,1520,https://avatars.githubusercontent.com/u/4257275?s=40&v=4,nubank,fklearn
125,hedyorg/hedy,1502,https://avatars.githubusercontent.com/u/85215909?s=40&v=4,hedyorg,hedy
126,trezor/trezor-firmware,1474,https://avatars.githubusercontent.com/u/4146447?s=40&v=4,trezor,trezor-firmware
127,lidatong/dataclasses-json,1426,https://avatars.githubusercontent.com/u/13275245?s=40&v=4,lidatong,dataclasses-json
128,pyjanitor-devs/pyjanitor,1414,https://avatars.githubusercontent.com/u/53411673?s=40&v=4,pyjanitor-devs,pyjanitor
129,MDAnalysis/mdanalysis,1413,https://avatars.githubusercontent.com/u/11445951?s=40&v=4,MDAnalysis,mdanalysis
130,aio-libs/yarl,1402,https://avatars.githubusercontent.com/u/7049303?s=40&v=4,aio-libs,yarl
131,datapane/datapane,1392,https://avatars.githubusercontent.com/u/55440415?s=40&v=4,datapane,datapane
132,tlaplus/Examples,1346,https://avatars.githubusercontent.com/u/2684289?s=40&v=4,tlaplus,Examples
133,Lightning-AI/lightning-thunder,1335,https://avatars.githubusercontent.com/u/58386951?s=40&v=4,Lightning-AI,lightning-thunder
134,pypy/pypy,1335,https://avatars.githubusercontent.com/u/318667?s=40&v=4,pypy,pypy
135,pytorch/FBGEMM,1313,https://avatars.githubusercontent.com/u/21003710?s=40&v=4,pytorch,FBGEMM
136,Xilinx/brevitas,1300,https://avatars.githubusercontent.com/u/3189299?s=40&v=4,Xilinx,brevitas
137,pgjones/hypercorn,1292,https://avatars.githubusercontent.com/u/1391482?s=40&v=4,pgjones,hypercorn
138,HXSecurity/DongTai,1274,https://avatars.githubusercontent.com/u/53034118?s=40&v=4,HXSecurity,DongTai
139,se2p/pynguin,1272,https://avatars.githubusercontent.com/u/38749452?s=40&v=4,se2p,pynguin
140,google/brain-tokyo-workshop,1269,https://avatars.githubusercontent.com/u/1342004?s=40&v=4,google,brain-tokyo-workshop
141,dunossauro/live-de-python,1233,https://avatars.githubusercontent.com/u/6801122?s=40&v=4,dunossauro,live-de-python
142,eliasdabbas/advertools,1223,https://avatars.githubusercontent.com/u/15708966?s=40&v=4,eliasdabbas,advertools
143,emalderson/ThePhish,1214,https://avatars.githubusercontent.com/u/49370319?s=40&v=4,emalderson,ThePhish
144,GoogleCloudPlatform/DataflowTemplates,1199,https://avatars.githubusercontent.com/u/2810941?s=40&v=4,GoogleCloudPlatform,DataflowTemplates
145,timothycrosley/streamdeck-ui,1198,https://avatars.githubusercontent.com/u/2090154?s=40&v=4,timothycrosley,streamdeck-ui
146,litestar-org/polyfactory,1193,https://avatars.githubusercontent.com/u/97250344?s=40&v=4,litestar-org,polyfactory
147,sec-edgar/sec-edgar,1190,https://avatars.githubusercontent.com/u/65020447?s=40&v=4,sec-edgar,sec-edgar
148,weaveworks/kubediff,1182,https://avatars.githubusercontent.com/u/9976052?s=40&v=4,weaveworks,kubediff
149,machow/siuba,1169,https://avatars.githubusercontent.com/u/2574498?s=40&v=4,machow,siuba
150,rocky/python-decompile3,1159,https://avatars.githubusercontent.com/u/8851?s=40&v=4,rocky,python-decompile3
151,plexe-ai/plexe,1156,https://avatars.githubusercontent.com/u/183028794?s=40&v=4,plexe-ai,plexe
152,BitBotFactory/MikaLendingBot,1134,https://avatars.githubusercontent.com/u/28656899?s=40&v=4,BitBotFactory,MikaLendingBot
153,pyca/pynacl,1124,https://avatars.githubusercontent.com/u/5615737?s=40&v=4,pyca,pynacl
154,pschanely/CrossHair,1118,https://avatars.githubusercontent.com/u/332622?s=40&v=4,pschanely,CrossHair
155,harvardnlp/pytorch-struct,1111,https://avatars.githubusercontent.com/u/13152953?s=40&v=4,harvardnlp,pytorch-struct
156,python-escpos/python-escpos,1103,https://avatars.githubusercontent.com/u/16302939?s=40&v=4,python-escpos,python-escpos
157,Project-MONAI/research-contributions,1099,https://avatars.githubusercontent.com/u/56449156?s=40&v=4,Project-MONAI,research-contributions
158,pytries/marisa-trie,1073,https://avatars.githubusercontent.com/u/20343002?s=40&v=4,pytries,marisa-trie
159,sajjadium/ctf-archives,1047,https://avatars.githubusercontent.com/u/22202721?s=40&v=4,sajjadium,ctf-archives
160,lastmile-ai/aiconfig,1018,https://avatars.githubusercontent.com/u/123273171?s=40&v=4,lastmile-ai,aiconfig
161,swingmx/swingmusic,1017,https://avatars.githubusercontent.com/u/125947721?s=40&v=4,swingmx,swingmusic
162,artisan-roaster-scope/artisan,1016,https://avatars.githubusercontent.com/u/2933457?s=40&v=4,artisan-roaster-scope,artisan
163,open-lambda/open-lambda,980,https://avatars.githubusercontent.com/u/19804021?s=40&v=4,open-lambda,open-lambda
164,whitesmith/hawkpost,953,https://avatars.githubusercontent.com/u/5413174?s=40&v=4,whitesmith,hawkpost
165,tlsfuzzer/python-ecdsa,938,https://avatars.githubusercontent.com/u/74566338?s=40&v=4,tlsfuzzer,python-ecdsa
166,world-class/REPL,911,https://avatars.githubusercontent.com/u/49074177?s=40&v=4,world-class,REPL
167,baal-org/baal,895,https://avatars.githubusercontent.com/u/104995304?s=40&v=4,baal-org,baal
168,python-attrs/cattrs,889,https://avatars.githubusercontent.com/u/25880274?s=40&v=4,python-attrs,cattrs
169,mobilityhouse/ocpp,885,https://avatars.githubusercontent.com/u/5763064?s=40&v=4,mobilityhouse,ocpp
170,man-group/notebooker,873,https://avatars.githubusercontent.com/u/5859004?s=40&v=4,man-group,notebooker
171,wandb/weave,867,https://avatars.githubusercontent.com/u/26401354?s=40&v=4,wandb,weave
172,timothycrosley/portray,865,https://avatars.githubusercontent.com/u/2090154?s=40&v=4,timothycrosley,portray
173,alibaba/BladeDISC,863,https://avatars.githubusercontent.com/u/1961952?s=40&v=4,alibaba,BladeDISC
174,pycco-docs/pycco,850,https://avatars.githubusercontent.com/u/15934634?s=40&v=4,pycco-docs,pycco
175,twisted/klein,838,https://avatars.githubusercontent.com/u/716546?s=40&v=4,twisted,klein
176,motional/nuplan-devkit,818,https://avatars.githubusercontent.com/u/69750371?s=40&v=4,motional,nuplan-devkit
177,volcengine/veScale,795,https://avatars.githubusercontent.com/u/67365215?s=40&v=4,volcengine,veScale
178,life4/deal,791,https://avatars.githubusercontent.com/u/48201596?s=40&v=4,life4,deal
179,ezyang/ghstack,727,https://avatars.githubusercontent.com/u/13564?s=40&v=4,ezyang,ghstack
180,xlwings/jsondiff,721,https://avatars.githubusercontent.com/u/6239016?s=40&v=4,xlwings,jsondiff
181,texturedesign/texturize,720,https://avatars.githubusercontent.com/u/90980541?s=40&v=4,texturedesign,texturize
182,cresset-template/cresset,719,https://avatars.githubusercontent.com/u/98257069?s=40&v=4,cresset-template,cresset
183,lukew3/mathgenerator,704,https://avatars.githubusercontent.com/u/47042841?s=40&v=4,lukew3,mathgenerator
184,nucypher/nucypher,703,https://avatars.githubusercontent.com/u/24552990?s=40&v=4,nucypher,nucypher
185,nipy/nibabel,698,https://avatars.githubusercontent.com/u/233707?s=40&v=4,nipy,nibabel
186,mangye16/ReID-Survey,691,https://avatars.githubusercontent.com/u/20569873?s=40&v=4,mangye16,ReID-Survey
187,marchaesen/vcxsrv,672,https://avatars.githubusercontent.com/u/62388258?s=40&v=4,marchaesen,vcxsrv
188,ics-py/ics-py,672,https://avatars.githubusercontent.com/u/73469254?s=40&v=4,ics-py,ics-py
189,latorc/MahjongCopilot,663,https://avatars.githubusercontent.com/u/65785354?s=40&v=4,latorc,MahjongCopilot
190,pygobject/pycairo,651,https://avatars.githubusercontent.com/u/24858186?s=40&v=4,pygobject,pycairo
191,dflook/python-minifier,639,https://avatars.githubusercontent.com/u/733079?s=40&v=4,dflook,python-minifier
192,YuePanEdward/MULLS,637,https://avatars.githubusercontent.com/u/34207278?s=40&v=4,YuePanEdward,MULLS
193,matrix-nio/matrix-nio,628,https://avatars.githubusercontent.com/u/157476926?s=40&v=4,matrix-nio,matrix-nio
194,dbrattli/Expression,620,https://avatars.githubusercontent.com/u/849479?s=40&v=4,dbrattli,Expression
195,corrscope/corrscope,619,https://avatars.githubusercontent.com/u/85720757?s=40&v=4,corrscope,corrscope
196,luisguiserrano/manning,618,https://avatars.githubusercontent.com/u/20776569?s=40&v=4,luisguiserrano,manning
197,Ekeany/Boruta-Shap,612,https://avatars.githubusercontent.com/u/50741830?s=40&v=4,Ekeany,Boruta-Shap
198,nccgroup/blackboxprotobuf,601,https://avatars.githubusercontent.com/u/4067082?s=40&v=4,nccgroup,blackboxprotobuf
199,JHUISI/charm,592,https://avatars.githubusercontent.com/u/789484?s=40&v=4,JHUISI,charm
200,pyparallel/pyparallel,585,https://avatars.githubusercontent.com/u/8021232?s=40&v=4,pyparallel,pyparallel
201,zhudotexe/kani,577,https://avatars.githubusercontent.com/u/8866981?s=40&v=4,zhudotexe,kani
202,DataDog/dd-trace-py,575,https://avatars.githubusercontent.com/u/365230?s=40&v=4,DataDog,dd-trace-py
203,parkpow/deep-license-plate-recognition,562,https://avatars.githubusercontent.com/u/51473329?s=40&v=4,parkpow,deep-license-plate-recognition
204,PacktPublishing/Clean-Code-in-Python,559,https://avatars.githubusercontent.com/u/10974906?s=40&v=4,PacktPublishing,Clean-Code-in-Python
205,indygreg/python-zstandard,556,https://avatars.githubusercontent.com/u/342993?s=40&v=4,indygreg,python-zstandard
206,Stvad/CrowdAnki,555,https://avatars.githubusercontent.com/u/81347?s=40&v=4,Stvad,CrowdAnki
207,dit/dit,538,https://avatars.githubusercontent.com/u/3247210?s=40&v=4,dit,dit
208,catalyst-cooperative/pudl,536,https://avatars.githubusercontent.com/u/25487946?s=40&v=4,catalyst-cooperative,pudl
209,mozilla/bugbug,536,https://avatars.githubusercontent.com/u/131524?s=40&v=4,mozilla,bugbug
210,pytries/datrie,533,https://avatars.githubusercontent.com/u/20343002?s=40&v=4,pytries,datrie
211,opendatacube/datacube-core,532,https://avatars.githubusercontent.com/u/26125288?s=40&v=4,opendatacube,datacube-core
212,runtimeverification/evm-semantics,527,https://avatars.githubusercontent.com/u/3732719?s=40&v=4,runtimeverification,evm-semantics
213,lucasjinreal/keras_frcnn,521,https://avatars.githubusercontent.com/u/21303438?s=40&v=4,lucasjinreal,keras_frcnn
214,meshtastic/python,520,https://avatars.githubusercontent.com/u/61627050?s=40&v=4,meshtastic,python
215,fe1ixxu/ALMA,520,https://avatars.githubusercontent.com/u/45837851?s=40&v=4,fe1ixxu,ALMA
216,xen0l/aws-gate,515,https://avatars.githubusercontent.com/u/1426772?s=40&v=4,xen0l,aws-gate
217,AnyLoc/AnyLoc,513,https://avatars.githubusercontent.com/u/140640821?s=40&v=4,AnyLoc,AnyLoc
218,mre/hyperjson,510,https://avatars.githubusercontent.com/u/175809?s=40&v=4,mre,hyperjson
219,Aiven-Open/karapace,509,https://avatars.githubusercontent.com/u/137087830?s=40&v=4,Aiven-Open,karapace
220,python-mario/mario,507,https://avatars.githubusercontent.com/u/49731899?s=40&v=4,python-mario,mario
221,gerrymanoim/exchange_calendars,505,https://avatars.githubusercontent.com/u/194147?s=40&v=4,gerrymanoim,exchange_calendars
222,cdown/srt,503,https://avatars.githubusercontent.com/u/660663?s=40&v=4,cdown,srt
223,shakedzy/dython,502,https://avatars.githubusercontent.com/u/15704705?s=40&v=4,shakedzy,dython
224,google/caliban,500,https://avatars.githubusercontent.com/u/1342004?s=40&v=4,google,caliban
225,tahnok/colmi_r02_client,494,https://avatars.githubusercontent.com/u/362769?s=40&v=4,tahnok,colmi_r02_client
226,sacdallago/bio_embeddings,488,https://avatars.githubusercontent.com/u/6240943?s=40&v=4,sacdallago,bio_embeddings
227,runtimeverification/k,487,https://avatars.githubusercontent.com/u/3732719?s=40&v=4,runtimeverification,k
228,huahua132/skynet_fly,483,https://avatars.githubusercontent.com/u/41766775?s=40&v=4,huahua132,skynet_fly
229,voidism/DoLa,482,https://avatars.githubusercontent.com/u/26344602?s=40&v=4,voidism,DoLa
230,buguroo/pyknow,478,https://avatars.githubusercontent.com/u/9865246?s=40&v=4,buguroo,pyknow
231,pyranges/pyranges,468,https://avatars.githubusercontent.com/u/49520481?s=40&v=4,pyranges,pyranges
232,harvard-lil/perma,467,https://avatars.githubusercontent.com/u/857200?s=40&v=4,harvard-lil,perma
233,DShield-ISC/dshield,466,https://avatars.githubusercontent.com/u/10133774?s=40&v=4,DShield-ISC,dshield
234,curvefi/curve-stablecoin,462,https://avatars.githubusercontent.com/u/59866658?s=40&v=4,curvefi,curve-stablecoin
235,openedx/XBlock,459,https://avatars.githubusercontent.com/u/40179672?s=40&v=4,openedx,XBlock
236,static-frame/static-frame,457,https://avatars.githubusercontent.com/u/106873827?s=40&v=4,static-frame,static-frame
237,mantl/terraform.py,453,https://avatars.githubusercontent.com/u/17570004?s=40&v=4,mantl,terraform.py
238,Opentrons/opentrons,448,https://avatars.githubusercontent.com/u/6139147?s=40&v=4,Opentrons,opentrons
239,KissPeter/APIFuzzer,445,https://avatars.githubusercontent.com/u/19633417?s=40&v=4,KissPeter,APIFuzzer
240,kensho-technologies/pyctcdecode,444,https://avatars.githubusercontent.com/u/26574236?s=40&v=4,kensho-technologies,pyctcdecode
241,harvardnlp/namedtensor,444,https://avatars.githubusercontent.com/u/13152953?s=40&v=4,harvardnlp,namedtensor
242,mozillazg/pypy,440,https://avatars.githubusercontent.com/u/485054?s=40&v=4,mozillazg,pypy
243,kragniz/python-etcd3,438,https://avatars.githubusercontent.com/u/735008?s=40&v=4,kragniz,python-etcd3
244,google/heir,434,https://avatars.githubusercontent.com/u/1342004?s=40&v=4,google,heir
245,vmprof/vmprof-python,432,https://avatars.githubusercontent.com/u/10184195?s=40&v=4,vmprof,vmprof-python
246,YuanGongND/ltu,430,https://avatars.githubusercontent.com/u/17163494?s=40&v=4,YuanGongND,ltu
247,mapbox/mercantile,425,https://avatars.githubusercontent.com/u/600935?s=40&v=4,mapbox,mercantile
248,scott-griffiths/bitstring,424,https://avatars.githubusercontent.com/u/11528142?s=40&v=4,scott-griffiths,bitstring
249,gigamonkey/monorepoize,423,https://avatars.githubusercontent.com/u/250053?s=40&v=4,gigamonkey,monorepoize
250,pkunlp-icler/FastV,418,https://avatars.githubusercontent.com/u/61374085?s=40&v=4,pkunlp-icler,FastV
251,CyberAgentAILab/cmaes,417,https://avatars.githubusercontent.com/u/88431400?s=40&v=4,CyberAgentAILab,cmaes
252,persimmon-ai-labs/adept-inference,415,https://avatars.githubusercontent.com/u/98357397?s=40&v=4,persimmon-ai-labs,adept-inference
253,Mause/duckdb_engine,415,https://avatars.githubusercontent.com/u/1405026?s=40&v=4,Mause,duckdb_engine
254,gilch/hissp,412,https://avatars.githubusercontent.com/u/3346292?s=40&v=4,gilch,hissp
255,pymtl/pymtl3,409,https://avatars.githubusercontent.com/u/61431688?s=40&v=4,pymtl,pymtl3
256,chaoyi-wu/Finetune_LLAMA,400,https://avatars.githubusercontent.com/u/27877721?s=40&v=4,chaoyi-wu,Finetune_LLAMA
257,xk-huang/yet-another-vectornet,396,https://avatars.githubusercontent.com/u/33593707?s=40&v=4,xk-huang,yet-another-vectornet
258,taskcluster/taskcluster,389,https://avatars.githubusercontent.com/u/6257436?s=40&v=4,taskcluster,taskcluster
259,MooreThreads/torch_musa,388,https://avatars.githubusercontent.com/u/85613129?s=40&v=4,MooreThreads,torch_musa
260,tryexceptpass/sofi,388,https://avatars.githubusercontent.com/u/12687166?s=40&v=4,tryexceptpass,sofi
261,Corvia/django-tenant-users,386,https://avatars.githubusercontent.com/u/3905572?s=40&v=4,Corvia,django-tenant-users
262,ustwo/mastermind,385,https://avatars.githubusercontent.com/u/625384?s=40&v=4,ustwo,mastermind
263,landlab/landlab,383,https://avatars.githubusercontent.com/u/7543483?s=40&v=4,landlab,landlab
264,quickstrom/quickstrom,383,https://avatars.githubusercontent.com/u/69889619?s=40&v=4,quickstrom,quickstrom
265,rcarriga/vim-ultest,383,https://avatars.githubusercontent.com/u/24252670?s=40&v=4,rcarriga,vim-ultest
266,cole/aiosmtplib,377,https://avatars.githubusercontent.com/u/134694?s=40&v=4,cole,aiosmtplib
267,microsoft/Qcodes,371,https://avatars.githubusercontent.com/u/6154722?s=40&v=4,microsoft,Qcodes
268,mesalock-linux/mesapy,371,https://avatars.githubusercontent.com/u/34010907?s=40&v=4,mesalock-linux,mesapy
269,MagNet-DL/magnet,360,https://avatars.githubusercontent.com/u/42930275?s=40&v=4,MagNet-DL,magnet
270,jazzband/django-eav2,359,https://avatars.githubusercontent.com/u/15129049?s=40&v=4,jazzband,django-eav2
271,curvefi/curve-dao-contracts,352,https://avatars.githubusercontent.com/u/59866658?s=40&v=4,curvefi,curve-dao-contracts
272,tournesol-app/tournesol,350,https://avatars.githubusercontent.com/u/66132400?s=40&v=4,tournesol-app,tournesol
273,timothycrosley/hypothesis-auto,346,https://avatars.githubusercontent.com/u/2090154?s=40&v=4,timothycrosley,hypothesis-auto
274,Ascend/pytorch,345,https://avatars.githubusercontent.com/u/53141342?s=40&v=4,Ascend,pytorch
275,microsoft/onnxscript,345,https://avatars.githubusercontent.com/u/6154722?s=40&v=4,microsoft,onnxscript
276,SqueezeAILab/KVQuant,343,https://avatars.githubusercontent.com/u/92235103?s=40&v=4,SqueezeAILab,KVQuant
277,PKSHATechnology-Research/camphr,339,https://avatars.githubusercontent.com/u/60775342?s=40&v=4,PKSHATechnology-Research,camphr
278,tommikaikkonen/prettyprinter,339,https://avatars.githubusercontent.com/u/2487359?s=40&v=4,tommikaikkonen,prettyprinter
279,polm/cutlet,337,https://avatars.githubusercontent.com/u/286278?s=40&v=4,polm,cutlet
280,cunla/fakeredis-py,336,https://avatars.githubusercontent.com/u/3419721?s=40&v=4,cunla,fakeredis-py
281,aws-cloudformation/cloudformation-cli,331,https://avatars.githubusercontent.com/u/19900777?s=40&v=4,aws-cloudformation,cloudformation-cli
282,pymedphys/pymedphys,326,https://avatars.githubusercontent.com/u/47132275?s=40&v=4,pymedphys,pymedphys
283,PokeAPI/pokebase,325,https://avatars.githubusercontent.com/u/19692032?s=40&v=4,PokeAPI,pokebase
284,quic/aimet-model-zoo,321,https://avatars.githubusercontent.com/u/55295854?s=40&v=4,quic,aimet-model-zoo
285,pymor/pymor,317,https://avatars.githubusercontent.com/u/2758256?s=40&v=4,pymor,pymor
286,rocky/python-xdis,316,https://avatars.githubusercontent.com/u/8851?s=40&v=4,rocky,python-xdis
287,hadialqattan/pycln,308,https://avatars.githubusercontent.com/u/50833881?s=40&v=4,hadialqattan,pycln
288,NVIDIA/nvmath-python,307,https://avatars.githubusercontent.com/u/1728152?s=40&v=4,NVIDIA,nvmath-python
289,anibali/dsntnn,305,https://avatars.githubusercontent.com/u/226707?s=40&v=4,anibali,dsntnn
290,wildfish/django-star-ratings,301,https://avatars.githubusercontent.com/u/584286?s=40&v=4,wildfish,django-star-ratings
291,dsw/proquint,297,https://avatars.githubusercontent.com/u/48988?s=40&v=4,dsw,proquint
292,ALIGN-analoglayout/ALIGN-public,296,https://avatars.githubusercontent.com/u/42481706?s=40&v=4,ALIGN-analoglayout,ALIGN-public
293,chalk-diagrams/chalk,295,https://avatars.githubusercontent.com/u/110132403?s=40&v=4,chalk-diagrams,chalk
294,CounterpartyXCP/counterparty-core,293,https://avatars.githubusercontent.com/u/7490848?s=40&v=4,CounterpartyXCP,counterparty-core
295,dessa-oss/atlas,292,https://avatars.githubusercontent.com/u/55564993?s=40&v=4,dessa-oss,atlas
296,nucypher/pyUmbral,291,https://avatars.githubusercontent.com/u/24552990?s=40&v=4,nucypher,pyUmbral
297,eli5-org/eli5,290,https://avatars.githubusercontent.com/u/77699736?s=40&v=4,eli5-org,eli5
298,Scille/parsec-cloud,283,https://avatars.githubusercontent.com/u/7068462?s=40&v=4,Scille,parsec-cloud
299,peylnog/ContinuousSR,281,https://avatars.githubusercontent.com/u/49443790?s=40&v=4,peylnog,ContinuousSR
300,facebookincubator/ptr,281,https://avatars.githubusercontent.com/u/19538647?s=40&v=4,facebookincubator,ptr
301,merantix-momentum/squirrel-core,281,https://avatars.githubusercontent.com/u/98414099?s=40&v=4,merantix-momentum,squirrel-core
302,bionumpy/bionumpy,280,https://avatars.githubusercontent.com/u/115636236?s=40&v=4,bionumpy,bionumpy
303,Delta-F/DeltaTrader,280,https://avatars.githubusercontent.com/u/53426820?s=40&v=4,Delta-F,DeltaTrader
304,vyperlang/titanoboa,279,https://avatars.githubusercontent.com/u/57152025?s=40&v=4,vyperlang,titanoboa
305,CQCL/tket,278,https://avatars.githubusercontent.com/u/15688781?s=40&v=4,CQCL,tket
306,banteg/brownie-safe,274,https://avatars.githubusercontent.com/u/4562643?s=40&v=4,banteg,brownie-safe
307,servo/mozjs,274,https://avatars.githubusercontent.com/u/2566135?s=40&v=4,servo,mozjs
308,BBVA/apicheck,274,https://avatars.githubusercontent.com/u/15799038?s=40&v=4,BBVA,apicheck
309,flyteorg/flytekit,273,https://avatars.githubusercontent.com/u/35380635?s=40&v=4,flyteorg,flytekit
310,DRMacIver/shrinkray,266,https://avatars.githubusercontent.com/u/28623?s=40&v=4,DRMacIver,shrinkray
311,banteg/multicall.py,264,https://avatars.githubusercontent.com/u/4562643?s=40&v=4,banteg,multicall.py
312,python-jsonschema/hypothesis-jsonschema,264,https://avatars.githubusercontent.com/u/100241624?s=40&v=4,python-jsonschema,hypothesis-jsonschema
313,pbrod/numdifftools,264,https://avatars.githubusercontent.com/u/1193469?s=40&v=4,pbrod,numdifftools
314,mozilla-firefox/firefox,263,https://avatars.githubusercontent.com/u/148481591?s=40&v=4,mozilla-firefox,firefox
315,Stranger6667/css-inline,263,https://avatars.githubusercontent.com/u/1236561?s=40&v=4,Stranger6667,css-inline
316,ppb/pursuedpybear,261,https://avatars.githubusercontent.com/u/32312759?s=40&v=4,ppb,pursuedpybear
317,adaszko/complgen,258,https://avatars.githubusercontent.com/u/165678?s=40&v=4,adaszko,complgen
318,zenml-io/mlstacks,255,https://avatars.githubusercontent.com/u/88676955?s=40&v=4,zenml-io,mlstacks
319,gjoseph92/stackstac,255,https://avatars.githubusercontent.com/u/3309802?s=40&v=4,gjoseph92,stackstac
320,sgkit-dev/sgkit,255,https://avatars.githubusercontent.com/u/67019846?s=40&v=4,sgkit-dev,sgkit
321,software-mansion/protostar,251,https://avatars.githubusercontent.com/u/56880679?s=40&v=4,software-mansion,protostar
322,public/sonora,250,https://avatars.githubusercontent.com/u/83000?s=40&v=4,public,sonora
323,ethereum/eth-abi,250,https://avatars.githubusercontent.com/u/6250754?s=40&v=4,ethereum,eth-abi
324,biocypher/biocypher,249,https://avatars.githubusercontent.com/u/128412897?s=40&v=4,biocypher,biocypher
325,ClusterHQ/dvol,249,https://avatars.githubusercontent.com/u/7913449?s=40&v=4,ClusterHQ,dvol
326,basilevh/gcd,248,https://avatars.githubusercontent.com/u/18504625?s=40&v=4,basilevh,gcd
327,abunuwas/microservice-apis,247,https://avatars.githubusercontent.com/u/12152494?s=40&v=4,abunuwas,microservice-apis
328,tlsfuzzer/tlslite-ng,247,https://avatars.githubusercontent.com/u/74566338?s=40&v=4,tlsfuzzer,tlslite-ng
329,tweag/FawltyDeps,244,https://avatars.githubusercontent.com/u/6057932?s=40&v=4,tweag,FawltyDeps
330,xorq-labs/xorq,243,https://avatars.githubusercontent.com/u/144843371?s=40&v=4,xorq-labs,xorq
331,readthedocs/commonmark.py,240,https://avatars.githubusercontent.com/u/366329?s=40&v=4,readthedocs,commonmark.py
332,MartinThoma/algorithms,239,https://avatars.githubusercontent.com/u/1658117?s=40&v=4,MartinThoma,algorithms
333,ask/mode,238,https://avatars.githubusercontent.com/u/1558?s=40&v=4,ask,mode
334,mirror/vbox,232,https://avatars.githubusercontent.com/u/40007?s=40&v=4,mirror,vbox
335,dylanljones/pyrekordbox,232,https://avatars.githubusercontent.com/u/39274612?s=40&v=4,dylanljones,pyrekordbox
336,xhochy/fletcher,229,https://avatars.githubusercontent.com/u/70274?s=40&v=4,xhochy,fletcher
337,soaxelbrooke/python-bpe,228,https://avatars.githubusercontent.com/u/2815794?s=40&v=4,soaxelbrooke,python-bpe
338,explosion/cython-blis,226,https://avatars.githubusercontent.com/u/20011530?s=40&v=4,explosion,cython-blis
339,cdown/yturl,223,https://avatars.githubusercontent.com/u/660663?s=40&v=4,cdown,yturl
340,Yelp/fuzz-lightyear,220,https://avatars.githubusercontent.com/u/49071?s=40&v=4,Yelp,fuzz-lightyear
341,nxenon/grpc-pentest-suite,218,https://avatars.githubusercontent.com/u/61124903?s=40&v=4,nxenon,grpc-pentest-suite
342,seemoo-lab/polypyus,218,https://avatars.githubusercontent.com/u/7370084?s=40&v=4,seemoo-lab,polypyus
343,pviafore/RobustPython,216,https://avatars.githubusercontent.com/u/10091903?s=40&v=4,pviafore,RobustPython
344,antonagestam/phantom-types,215,https://avatars.githubusercontent.com/u/218551?s=40&v=4,antonagestam,phantom-types
345,xuanyuzhang21/EditGuard,215,https://avatars.githubusercontent.com/u/101803323?s=40&v=4,xuanyuzhang21,EditGuard
346,ssube/onnx-web,215,https://avatars.githubusercontent.com/u/451959?s=40&v=4,ssube,onnx-web
347,cgarciae/treex,214,https://avatars.githubusercontent.com/u/5862228?s=40&v=4,cgarciae,treex
348,brentspell/hifi-gan-bwe,214,https://avatars.githubusercontent.com/u/2371833?s=40&v=4,brentspell,hifi-gan-bwe
349,ffalcinelli/pydivert,214,https://avatars.githubusercontent.com/u/1167082?s=40&v=4,ffalcinelli,pydivert
350,glyph/Pomodouroboros,213,https://avatars.githubusercontent.com/u/716529?s=40&v=4,glyph,Pomodouroboros
351,RSSerpent/RSSerpent,212,https://avatars.githubusercontent.com/u/86242247?s=40&v=4,RSSerpent,RSSerpent
352,pipermerriam/ethereum-function-signature-registry,210,https://avatars.githubusercontent.com/u/824194?s=40&v=4,pipermerriam,ethereum-function-signature-registry
353,alphanome-ai/sec-parser,209,https://avatars.githubusercontent.com/u/127743907?s=40&v=4,alphanome-ai,sec-parser
354,Ezibenroc/PyRoaringBitMap,209,https://avatars.githubusercontent.com/u/8900834?s=40&v=4,Ezibenroc,PyRoaringBitMap
355,loris-imageserver/loris,209,https://avatars.githubusercontent.com/u/11686729?s=40&v=4,loris-imageserver,loris
356,AnshMittal1811/MachineLearning-AI,207,https://avatars.githubusercontent.com/u/30064102?s=40&v=4,AnshMittal1811,MachineLearning-AI
357,pencil-code/pencil-code,207,https://avatars.githubusercontent.com/u/11549701?s=40&v=4,pencil-code,pencil-code
358,trailofbits/PrivacyRaven,204,https://avatars.githubusercontent.com/u/2314423?s=40&v=4,trailofbits,PrivacyRaven
359,marnikitta/stattests,204,https://avatars.githubusercontent.com/u/5729747?s=40&v=4,marnikitta,stattests
360,pola-rs/polars-xdt,203,https://avatars.githubusercontent.com/u/83768144?s=40&v=4,pola-rs,polars-xdt
361,aosokin/os2d,200,https://avatars.githubusercontent.com/u/2099291?s=40&v=4,aosokin,os2d
362,EthanRosenthal/skits,200,https://avatars.githubusercontent.com/u/7435500?s=40&v=4,EthanRosenthal,skits
363,Gobot1234/steam.py,198,https://avatars.githubusercontent.com/u/50501825?s=40&v=4,Gobot1234,steam.py
364,kjam/data-pipelines-course,196,https://avatars.githubusercontent.com/u/333528?s=40&v=4,kjam,data-pipelines-course
365,nix-community/pypi2nix,195,https://avatars.githubusercontent.com/u/33221035?s=40&v=4,nix-community,pypi2nix
366,alexjc/weboptout,194,https://avatars.githubusercontent.com/u/445208?s=40&v=4,alexjc,weboptout
367,explosion/tokenizations,192,https://avatars.githubusercontent.com/u/20011530?s=40&v=4,explosion,tokenizations
368,dssg/triage,192,https://avatars.githubusercontent.com/u/3827384?s=40&v=4,dssg,triage
369,GaloisInc/MATE,191,https://avatars.githubusercontent.com/u/1584774?s=40&v=4,GaloisInc,MATE
370,tskit-dev/msprime,190,https://avatars.githubusercontent.com/u/36278110?s=40&v=4,tskit-dev,msprime
371,OSU-NLP-Group/GrokkedTransformer,189,https://avatars.githubusercontent.com/u/92067480?s=40&v=4,OSU-NLP-Group,GrokkedTransformer
372,janfreyberg/superintendent,189,https://avatars.githubusercontent.com/u/4092425?s=40&v=4,janfreyberg,superintendent
373,coin-or/CyLP,185,https://avatars.githubusercontent.com/u/6062319?s=40&v=4,coin-or,CyLP
374,G-Research/ahocorasick_rs,182,https://avatars.githubusercontent.com/u/21341965?s=40&v=4,G-Research,ahocorasick_rs
375,box/ClusterRunner,182,https://avatars.githubusercontent.com/u/23900?s=40&v=4,box,ClusterRunner
376,nandyalu/trailarr,181,https://avatars.githubusercontent.com/u/18457369?s=40&v=4,nandyalu,trailarr
377,curvefi/curve-pool-registry,179,https://avatars.githubusercontent.com/u/59866658?s=40&v=4,curvefi,curve-pool-registry
378,Ablustrund/MPLSandbox,177,https://avatars.githubusercontent.com/u/32387177?s=40&v=4,Ablustrund,MPLSandbox
379,wxjiao/ParroT,176,https://avatars.githubusercontent.com/u/31032829?s=40&v=4,wxjiao,ParroT
380,firmai/interactive-corporate-report,176,https://avatars.githubusercontent.com/u/26666267?s=40&v=4,firmai,interactive-corporate-report
381,openbsd/xenocara,175,https://avatars.githubusercontent.com/u/929183?s=40&v=4,openbsd,xenocara
382,VirtualCable/openuds,175,https://avatars.githubusercontent.com/u/130666694?s=40&v=4,VirtualCable,openuds
383,Eomys/pyleecan,173,https://avatars.githubusercontent.com/u/20283623?s=40&v=4,Eomys,pyleecan
384,ngalongc/openapi_security_scanner,173,https://avatars.githubusercontent.com/u/7859759?s=40&v=4,ngalongc,openapi_security_scanner
385,costastf/locationsharinglib,172,https://avatars.githubusercontent.com/u/4638059?s=40&v=4,costastf,locationsharinglib
386,icip-cas/ChatAlpaca,170,https://avatars.githubusercontent.com/u/67935998?s=40&v=4,icip-cas,ChatAlpaca
387,saccharomycetes/mllms_know,169,https://avatars.githubusercontent.com/u/86137462?s=40&v=4,saccharomycetes,mllms_know
388,PacktPublishing/Python-Natural-Language-Processing-Cookbook,169,https://avatars.githubusercontent.com/u/10974906?s=40&v=4,PacktPublishing,Python-Natural-Language-Processing-Cookbook
389,openfootmanager/openfootmanager,168,https://avatars.githubusercontent.com/u/142828338?s=40&v=4,openfootmanager,openfootmanager
390,HPAC/matchpy,168,https://avatars.githubusercontent.com/u/15789883?s=40&v=4,HPAC,matchpy
391,RedAIGC/Flux-version-LayerDiffuse,167,https://avatars.githubusercontent.com/u/177702669?s=40&v=4,RedAIGC,Flux-version-LayerDiffuse
392,leezhuuuuu/Code-Interpreter-Api,165,https://avatars.githubusercontent.com/u/178091611?s=40&v=4,leezhuuuuu,Code-Interpreter-Api
393,python-tls/tls,165,https://avatars.githubusercontent.com/u/29314288?s=40&v=4,python-tls,tls
394,Election-Tech-Initiative/electionguard-python,164,https://avatars.githubusercontent.com/u/132019560?s=40&v=4,Election-Tech-Initiative,electionguard-python
395,fhightower/ioc-finder,164,https://avatars.githubusercontent.com/u/3599813?s=40&v=4,fhightower,ioc-finder
396,ZJU-OpenKS/OpenKS,163,https://avatars.githubusercontent.com/u/65882154?s=40&v=4,ZJU-OpenKS,OpenKS
397,opengear-project/GEAR,161,https://avatars.githubusercontent.com/u/163033135?s=40&v=4,opengear-project,GEAR
398,JoshKarpel/spiel,161,https://avatars.githubusercontent.com/u/7133863?s=40&v=4,JoshKarpel,spiel
399,JDASoftwareGroup/kartothek,159,https://avatars.githubusercontent.com/u/45689657?s=40&v=4,JDASoftwareGroup,kartothek
400,pywemo/pywemo,158,https://avatars.githubusercontent.com/u/80224607?s=40&v=4,pywemo,pywemo
401,curveresearch/curvesim,157,https://avatars.githubusercontent.com/u/114625164?s=40&v=4,curveresearch,curvesim
402,Yakifo/amqtt,156,https://avatars.githubusercontent.com/u/79358771?s=40&v=4,Yakifo,amqtt
403,CiwPython/Ciw,156,https://avatars.githubusercontent.com/u/20789286?s=40&v=4,CiwPython,Ciw
404,ualsg/global-streetscapes,155,https://avatars.githubusercontent.com/u/52310604?s=40&v=4,ualsg,global-streetscapes
405,PacktPublishing/Clean-Code-in-Python-Second-Edition,155,https://avatars.githubusercontent.com/u/10974906?s=40&v=4,PacktPublishing,Clean-Code-in-Python-Second-Edition
406,backtrace-labs/umash,155,https://avatars.githubusercontent.com/u/7865171?s=40&v=4,backtrace-labs,umash
407,OpShin/opshin,154,https://avatars.githubusercontent.com/u/102762047?s=40&v=4,OpShin,opshin
408,pckroon/pysmiles,152,https://avatars.githubusercontent.com/u/12967865?s=40&v=4,pckroon,pysmiles
409,rmariano/Clean-code-in-Python,152,https://avatars.githubusercontent.com/u/1331988?s=40&v=4,rmariano,Clean-code-in-Python
410,bolgebrygg/Force-2020-Machine-Learning-competition,152,https://avatars.githubusercontent.com/u/31854635?s=40&v=4,bolgebrygg,Force-2020-Machine-Learning-competition
411,stanford-iprl-lab/torchfilter,152,https://avatars.githubusercontent.com/u/35672550?s=40&v=4,stanford-iprl-lab,torchfilter
412,suned/pfun,150,https://avatars.githubusercontent.com/u/1228354?s=40&v=4,suned,pfun
413,jemisjoky/TorchMPS,150,https://avatars.githubusercontent.com/u/34627620?s=40&v=4,jemisjoky,TorchMPS
414,ADGEfficiency/teaching-monolith,149,https://avatars.githubusercontent.com/u/24447881?s=40&v=4,ADGEfficiency,teaching-monolith
415,alibaba/TorchEasyRec,148,https://avatars.githubusercontent.com/u/1961952?s=40&v=4,alibaba,TorchEasyRec
416,ictnlp/TruthX,148,https://avatars.githubusercontent.com/u/45630465?s=40&v=4,ictnlp,TruthX
417,curvefi/brownie-tutorial,148,https://avatars.githubusercontent.com/u/59866658?s=40&v=4,curvefi,brownie-tutorial
418,virantha/bricknil,147,https://avatars.githubusercontent.com/u/5067652?s=40&v=4,virantha,bricknil
419,python-hyper/brotlicffi,147,https://avatars.githubusercontent.com/u/13035907?s=40&v=4,python-hyper,brotlicffi
420,tmb5cg/Fifa-Autobidder,145,https://avatars.githubusercontent.com/u/58413404?s=40&v=4,tmb5cg,Fifa-Autobidder
421,uber/bayesmark,145,https://avatars.githubusercontent.com/u/538264?s=40&v=4,uber,bayesmark
422,satellogic/orbit-predictor,144,https://avatars.githubusercontent.com/u/5545050?s=40&v=4,satellogic,orbit-predictor
423,LLNL/maestrowf,143,https://avatars.githubusercontent.com/u/5921419?s=40&v=4,LLNL,maestrowf
424,mesejo/trrex,143,https://avatars.githubusercontent.com/u/8579156?s=40&v=4,mesejo,trrex
425,alejandro-ao/langchain-ask-csv,142,https://avatars.githubusercontent.com/u/18406448?s=40&v=4,alejandro-ao,langchain-ask-csv
426,chainflag/solidctf,142,https://avatars.githubusercontent.com/u/80571913?s=40&v=4,chainflag,solidctf
427,Python-Fuzzylogic/fuzzylogic,142,https://avatars.githubusercontent.com/u/136064262?s=40&v=4,Python-Fuzzylogic,fuzzylogic
428,binaryornot/binaryornot,141,https://avatars.githubusercontent.com/u/130566187?s=40&v=4,binaryornot,binaryornot
429,arXiv/arxiv-browse,140,https://avatars.githubusercontent.com/u/45442578?s=40&v=4,arXiv,arxiv-browse
430,microsoft/codamosa,138,https://avatars.githubusercontent.com/u/6154722?s=40&v=4,microsoft,codamosa
431,nielstron/quantulum3,138,https://avatars.githubusercontent.com/u/20638630?s=40&v=4,nielstron,quantulum3
432,mangaki/mangaki,138,https://avatars.githubusercontent.com/u/16416680?s=40&v=4,mangaki,mangaki
433,aws-samples/sagemaker-distributed-training-workshop,137,https://avatars.githubusercontent.com/u/8931462?s=40&v=4,aws-samples,sagemaker-distributed-training-workshop
434,ANSSI-FR/eurydice,137,https://avatars.githubusercontent.com/u/1921418?s=40&v=4,ANSSI-FR,eurydice
435,DRMacIver/minithesis,136,https://avatars.githubusercontent.com/u/28623?s=40&v=4,DRMacIver,minithesis
436,jefflai108/pytorch-kaldi-neural-speaker-embeddings,136,https://avatars.githubusercontent.com/u/17834737?s=40&v=4,jefflai108,pytorch-kaldi-neural-speaker-embeddings
437,WZBSocialScienceCenter/geovoronoi,136,https://avatars.githubusercontent.com/u/20353876?s=40&v=4,WZBSocialScienceCenter,geovoronoi
438,janpipek/physt,134,https://avatars.githubusercontent.com/u/92804?s=40&v=4,janpipek,physt
439,patman15/BMS_BLE-HA,131,https://avatars.githubusercontent.com/u/14628713?s=40&v=4,patman15,BMS_BLE-HA
440,equinor/dlisio,129,https://avatars.githubusercontent.com/u/525862?s=40&v=4,equinor,dlisio
441,nanograv/PINT,128,https://avatars.githubusercontent.com/u/1416848?s=40&v=4,nanograv,PINT
442,bqth29/simulated-bifurcation-algorithm,127,https://avatars.githubusercontent.com/u/63302082?s=40&v=4,bqth29,simulated-bifurcation-algorithm
443,OasisLMF/OasisLMF,127,https://avatars.githubusercontent.com/u/8616323?s=40&v=4,OasisLMF,OasisLMF
444,avrae/d20,126,https://avatars.githubusercontent.com/u/37455133?s=40&v=4,avrae,d20
445,ptrus/suffix-trees,126,https://avatars.githubusercontent.com/u/3691472?s=40&v=4,ptrus,suffix-trees
446,Phelimb/BIGSI,126,https://avatars.githubusercontent.com/u/629499?s=40&v=4,Phelimb,BIGSI
447,Sreyan88/GAMA,124,https://avatars.githubusercontent.com/u/36225987?s=40&v=4,Sreyan88,GAMA
448,RAIVNLab/supsup,123,https://avatars.githubusercontent.com/u/63483559?s=40&v=4,RAIVNLab,supsup
449,AIworx-Labs/chocolate,123,https://avatars.githubusercontent.com/u/13833324?s=40&v=4,AIworx-Labs,chocolate
450,promised-ai/lace,122,https://avatars.githubusercontent.com/u/124195324?s=40&v=4,promised-ai,lace
451,scipp/scipp,122,https://avatars.githubusercontent.com/u/47779972?s=40&v=4,scipp,scipp
452,azunre/transfer-learning-for-nlp,122,https://avatars.githubusercontent.com/u/26731191?s=40&v=4,azunre,transfer-learning-for-nlp
453,bessagroup/f3dasm,121,https://avatars.githubusercontent.com/u/64279108?s=40&v=4,bessagroup,f3dasm
454,voidism/Lookback-Lens,120,https://avatars.githubusercontent.com/u/26344602?s=40&v=4,voidism,Lookback-Lens
455,Kharacternyk/barva,120,https://avatars.githubusercontent.com/u/43315801?s=40&v=4,Kharacternyk,barva
456,andrejonasson/dynamic-coattention-network-plus,120,https://avatars.githubusercontent.com/u/22002741?s=40&v=4,andrejonasson,dynamic-coattention-network-plus
457,feldberlin/timething,117,https://avatars.githubusercontent.com/u/73157881?s=40&v=4,feldberlin,timething
458,rgerum/cameratransform,117,https://avatars.githubusercontent.com/u/14153051?s=40&v=4,rgerum,cameratransform
459,arekusandr/last_layer,116,https://avatars.githubusercontent.com/u/164400244?s=40&v=4,arekusandr,last_layer
460,brentspell/torch-yin,114,https://avatars.githubusercontent.com/u/2371833?s=40&v=4,brentspell,torch-yin
461,AdaCore/RecordFlux,113,https://avatars.githubusercontent.com/u/7767877?s=40&v=4,AdaCore,RecordFlux
462,etianen/logot,111,https://avatars.githubusercontent.com/u/148744?s=40&v=4,etianen,logot
463,SEED-platform/seed,111,https://avatars.githubusercontent.com/u/7445100?s=40&v=4,SEED-platform,seed
464,marrink-lab/vermouth-martinize,111,https://avatars.githubusercontent.com/u/33900610?s=40&v=4,marrink-lab,vermouth-martinize
465,xlang-ai/icl-selective-annotation,109,https://avatars.githubusercontent.com/u/128829376?s=40&v=4,xlang-ai,icl-selective-annotation
466,philzook58/knuckledragger,108,https://avatars.githubusercontent.com/u/955389?s=40&v=4,philzook58,knuckledragger
467,mapbox/rio-rgbify,108,https://avatars.githubusercontent.com/u/600935?s=40&v=4,mapbox,rio-rgbify
468,CodyKochmann/battle_tested,108,https://avatars.githubusercontent.com/u/6968406?s=40&v=4,CodyKochmann,battle_tested
469,equinor/resdata,107,https://avatars.githubusercontent.com/u/525862?s=40&v=4,equinor,resdata
470,UCSC-VLAA/SwinMM,107,https://avatars.githubusercontent.com/u/92564714?s=40&v=4,UCSC-VLAA,SwinMM
471,ricklupton/rmscene,107,https://avatars.githubusercontent.com/u/878794?s=40&v=4,ricklupton,rmscene
472,sixty-north/segpy,106,https://avatars.githubusercontent.com/u/12004521?s=40&v=4,sixty-north,segpy
473,mabel-dev/opteryx,105,https://avatars.githubusercontent.com/u/84202451?s=40&v=4,mabel-dev,opteryx
474,single-cell-data/TileDB-SOMA,103,https://avatars.githubusercontent.com/u/96268704?s=40&v=4,single-cell-data,TileDB-SOMA
475,KinjalDas/Inventory-Management-System-Django,103,https://avatars.githubusercontent.com/u/22297134?s=40&v=4,KinjalDas,Inventory-Management-System-Django
476,shreyaspj20/Music-recommendation-system,103,https://avatars.githubusercontent.com/u/56503884?s=40&v=4,shreyaspj20,Music-recommendation-system
477,ArnovanHilten/GenNet,103,https://avatars.githubusercontent.com/u/25904977?s=40&v=4,ArnovanHilten,GenNet
478,Quansight-Labs/ndindex,103,https://avatars.githubusercontent.com/u/42948208?s=40&v=4,Quansight-Labs,ndindex
479,zalando-incubator/transformer,102,https://avatars.githubusercontent.com/u/18533786?s=40&v=4,zalando-incubator,transformer
480,minitorch/Module-0,102,https://avatars.githubusercontent.com/u/69814924?s=40&v=4,minitorch,Module-0
481,iesl/box-embeddings,102,https://avatars.githubusercontent.com/u/1295730?s=40&v=4,iesl,box-embeddings
482,Zac-HD/hypothesmith,102,https://avatars.githubusercontent.com/u/12229877?s=40&v=4,Zac-HD,hypothesmith
483,piccolbo/altair_recipes,101,https://avatars.githubusercontent.com/u/905563?s=40&v=4,piccolbo,altair_recipes
484,EI-CoreBioinformatics/mikado,101,https://avatars.githubusercontent.com/u/43747405?s=40&v=4,EI-CoreBioinformatics,mikado
485,mozilla-releng/balrog,101,https://avatars.githubusercontent.com/u/19614164?s=40&v=4,mozilla-releng,balrog
486,thirdweb-dev/python-sdk,100,https://avatars.githubusercontent.com/u/79496167?s=40&v=4,thirdweb-dev,python-sdk
487,Soombit-ai/cxr-clip,100,https://avatars.githubusercontent.com/u/179809979?s=40&v=4,Soombit-ai,cxr-clip
488,924973292/EDITOR,100,https://avatars.githubusercontent.com/u/89966785?s=40&v=4,924973292,EDITOR
489,jdlorimer/chinese-support-redux,100,https://avatars.githubusercontent.com/u/24988028?s=40&v=4,jdlorimer,chinese-support-redux
490,mv/fundamentus-api,100,https://avatars.githubusercontent.com/u/41629?s=40&v=4,mv,fundamentus-api
491,tjltjl/plycutter,100,https://avatars.githubusercontent.com/u/2869853?s=40&v=4,tjltjl,plycutter
492,elmotec/circlify,100,https://avatars.githubusercontent.com/u/1107551?s=40&v=4,elmotec,circlify
493,giotto-ai/giotto-time,100,https://avatars.githubusercontent.com/u/57436326?s=40&v=4,giotto-ai,giotto-time
